{"cameraMode":{"drawMode":0,"name":"Shaded","section":"Shading Mode"},"sceneLighting":true,"audioPlay":false,"sceneViewState":{"showFog":true,"showMaterialUpdate":true,"showSkybox":false,"showFlares":true,"showImageEffects":true,"showParticleSystems":true},"in2DMode":false,"pivot":{"x":3.9337363243103029,"y":0.664038896560669,"z":-1.7503023147583008},"rotation":{"x":-0.0060890112072229389,"y":0.9678300023078919,"z":-0.023532243445515634,"w":-0.2504284679889679},"size":2.0612688064575197,"orthographic":false}