{"cameraMode":{"drawMode":0,"name":"Shaded","section":"Shading Mode"},"sceneLighting":true,"audioPlay":false,"sceneViewState":{"showFog":true,"showMaterialUpdate":true,"showSkybox":true,"showFlares":true,"showImageEffects":true,"showParticleSystems":true},"in2DMode":false,"pivot":{"x":1.9705004692077637,"y":2.0261194705963136,"z":-23.58669662475586},"rotation":{"x":-0.0003184821689501405,"y":-0.9995911717414856,"z":-0.0101846382021904,"w":0.02815566211938858},"size":22.943445205688478,"orthographic":false}