{"cameraMode":{"drawMode":0,"name":"Shaded","section":"Shading Mode"},"sceneLighting":false,"audioPlay":false,"sceneViewState":{"showFog":true,"showMaterialUpdate":true,"showSkybox":false,"showFlares":true,"showImageEffects":true,"showParticleSystems":true},"in2DMode":false,"pivot":{"x":932.9825439453125,"y":486.0570068359375,"z":-17.719757080078126},"rotation":{"x":0.05173806846141815,"y":0.164483442902565,"z":-0.008806410245597363,"w":0.9851613640785217},"size":302.8997497558594,"orthographic":false}