{"cameraMode":{"drawMode":0,"name":"Shaded","section":"Shading Mode"},"sceneLighting":true,"audioPlay":false,"sceneViewState":{"showFog":true,"showMaterialUpdate":true,"showSkybox":true,"showFlares":true,"showImageEffects":true,"showParticleSystems":true},"in2DMode":false,"pivot":{"x":1267.3045654296875,"y":12.391357421875,"z":2377.631591796875},"rotation":{"x":-0.047910477966070178,"y":-0.0549527071416378,"z":0.002703990787267685,"w":-0.9975090622901917},"size":3173.12060546875,"orthographic":false}