{"cameraMode":{"drawMode":0,"name":"Shaded","section":"Shading Mode"},"sceneLighting":true,"audioPlay":false,"sceneViewState":{"showFog":true,"showMaterialUpdate":true,"showSkybox":true,"showFlares":true,"showImageEffects":true,"showParticleSystems":true},"in2DMode":false,"pivot":{"x":994.97705078125,"y":375.6124572753906,"z":2400.790771484375},"rotation":{"x":0.007505026645958424,"y":-0.014537451788783074,"z":-0.000017719768948154524,"w":-1.0000404119491578},"size":3315.9111328125,"orthographic":false}