{"cameraMode":{"drawMode":0,"name":"Shaded","section":"Shading Mode"},"sceneLighting":true,"audioPlay":false,"sceneViewState":{"showFog":true,"showMaterialUpdate":true,"showSkybox":true,"showFlares":true,"showImageEffects":true,"showParticleSystems":true},"in2DMode":false,"pivot":{"x":2.1862568855285646,"y":1.4540109634399415,"z":-1.7846442461013795},"rotation":{"x":-0.0016334241954609752,"y":0.998737633228302,"z":-0.05037073418498039,"w":-0.017148997634649278},"size":2.3111064434051515,"orthographic":false}