{"cameraMode":{"drawMode":0,"name":"Shaded","section":"Shading Mode"},"sceneLighting":true,"audioPlay":false,"sceneViewState":{"showFog":true,"showMaterialUpdate":true,"showSkybox":true,"showFlares":true,"showImageEffects":true,"showParticleSystems":true},"in2DMode":false,"pivot":{"x":2.2824466228485109,"y":1.512661099433899,"z":-1.3019598722457886},"rotation":{"x":0.008517635054886341,"y":-0.9143827557563782,"z":0.02411503717303276,"w":0.4045334756374359},"size":2.911106586456299,"orthographic":false}