{"cameraMode":{"drawMode":0,"name":"Shaded","section":"Shading Mode"},"sceneLighting":true,"audioPlay":false,"sceneViewState":{"showFog":true,"showMaterialUpdate":true,"showSkybox":true,"showFlares":true,"showImageEffects":true,"showParticleSystems":true},"in2DMode":false,"pivot":{"x":1.7291795015335084,"y":1.4059789180755616,"z":-2.72556734085083},"rotation":{"x":-0.004273703321814537,"y":0.976886510848999,"z":-0.02670160122215748,"w":-0.2129618227481842},"size":2.911106586456299,"orthographic":false}