{"cameraMode":{"drawMode":0,"name":"Shaded","section":"Shading Mode"},"sceneLighting":true,"audioPlay":false,"sceneViewState":{"showFog":true,"showMaterialUpdate":true,"showSkybox":true,"showFlares":true,"showImageEffects":true,"showParticleSystems":true},"in2DMode":false,"pivot":{"x":3.5107083320617677,"y":1.5633313655853272,"z":-3.063680410385132},"rotation":{"x":-0.011814447119832039,"y":0.9921437501907349,"z":0.04753044247627258,"w":0.12003181874752045},"size":2.8888838291168215,"orthographic":false}