{"cameraMode":{"drawMode":0,"name":"Shaded","section":"Shading Mode"},"sceneLighting":true,"audioPlay":false,"sceneViewState":{"showFog":true,"showMaterialUpdate":true,"showSkybox":true,"showFlares":true,"showImageEffects":true,"showParticleSystems":true},"in2DMode":false,"pivot":{"x":1.3712401390075684,"y":1.905900001525879,"z":2.5573923587799074},"rotation":{"x":0.0035309374798089267,"y":0.9700717926025391,"z":-0.017059748992323877,"w":0.24284295737743379},"size":2.3111064434051515,"orthographic":false}