{"cameraMode":{"drawMode":0,"name":"Shaded","section":"Shading Mode"},"sceneLighting":true,"audioPlay":false,"sceneViewState":{"showFog":true,"showMaterialUpdate":true,"showSkybox":true,"showFlares":true,"showImageEffects":true,"showParticleSystems":true},"in2DMode":false,"pivot":{"x":1.3434410095214844,"y":0.6436293125152588,"z":-2.5616343021392824},"rotation":{"x":-0.10269339382648468,"y":0.8175617456436157,"z":-0.14074423909187318,"w":-0.5498978495597839},"size":5.112884521484375,"orthographic":false}