{"cameraMode":{"drawMode":0,"name":"Shaded","section":"Shading Mode"},"sceneLighting":true,"audioPlay":false,"sceneViewState":{"showFog":true,"showMaterialUpdate":true,"showSkybox":true,"showFlares":true,"showImageEffects":true,"showParticleSystems":true},"in2DMode":false,"pivot":{"x":3.237537384033203,"y":1.15067458152771,"z":0.36510905623435976},"rotation":{"x":0.08931674808263779,"y":-0.7854654788970947,"z":0.11537342518568039,"w":0.6017072796821594},"size":2.3111064434051515,"orthographic":false}