{"cameraMode":{"drawMode":0,"name":"Shaded","section":"Shading Mode"},"sceneLighting":true,"audioPlay":false,"sceneViewState":{"showFog":true,"showMaterialUpdate":true,"showSkybox":true,"showFlares":true,"showImageEffects":true,"showParticleSystems":true},"in2DMode":false,"pivot":{"x":-11.538461685180664,"y":-0.6931965351104736,"z":-13.880630493164063},"rotation":{"x":0.021530667319893838,"y":-0.9048309922218323,"z":0.04655846953392029,"w":0.4229453206062317},"size":22.0,"orthographic":false}