{"cameraMode":{"drawMode":0,"name":"Shaded","section":"Shading Mode"},"sceneLighting":true,"audioPlay":false,"sceneViewState":{"showFog":true,"showMaterialUpdate":true,"showSkybox":true,"showFlares":true,"showImageEffects":true,"showParticleSystems":true},"in2DMode":false,"pivot":{"x":3.010948657989502,"y":1.3544485569000245,"z":-1.0390591621398926},"rotation":{"x":-0.0014238788280636073,"y":0.9983405470848084,"z":-0.02877133898437023,"w":-0.05034416541457176},"size":1.9256519079208375,"orthographic":false}