{"cameraMode":{"drawMode":0,"name":"Shaded","section":"Shading Mode"},"sceneLighting":true,"audioPlay":false,"sceneViewState":{"showFog":true,"showMaterialUpdate":true,"showSkybox":true,"showFlares":true,"showImageEffects":true,"showParticleSystems":true},"in2DMode":false,"pivot":{"x":1256.592041015625,"y":295.76495361328127,"z":352.8052978515625},"rotation":{"x":0.012017813511192799,"y":-0.8899491429328919,"z":-0.022499285638332368,"w":-0.4557065963745117},"size":3061.19970703125,"orthographic":false}