{"cameraMode":{"drawMode":0,"name":"Shaded","section":"Shading Mode"},"sceneLighting":true,"audioPlay":false,"sceneViewState":{"showFog":true,"showMaterialUpdate":true,"showSkybox":true,"showFlares":true,"showImageEffects":true,"showParticleSystems":true},"in2DMode":false,"pivot":{"x":2.255141496658325,"y":1.469052791595459,"z":-1.267626166343689},"rotation":{"x":0.011788474395871163,"y":-0.9111160039901733,"z":0.030882295221090318,"w":0.41130539774894717},"size":2.911106586456299,"orthographic":false}