{"cameraMode":{"drawMode":0,"name":"Shaded","section":"Shading Mode"},"sceneLighting":true,"audioPlay":false,"sceneViewState":{"showFog":true,"showMaterialUpdate":true,"showSkybox":true,"showFlares":true,"showImageEffects":true,"showParticleSystems":true},"in2DMode":false,"pivot":{"x":-40.46327209472656,"y":-1.6922879219055176,"z":-31.061962127685548},"rotation":{"x":-0.013408681377768517,"y":0.8881546258926392,"z":-0.03021835722029209,"w":-0.45891258120536806},"size":54.09831237792969,"orthographic":false}