{"cameraMode":{"drawMode":0,"name":"Shaded","section":"Shading Mode"},"sceneLighting":true,"audioPlay":false,"sceneViewState":{"showFog":true,"showMaterialUpdate":true,"showSkybox":true,"showFlares":true,"showImageEffects":true,"showParticleSystems":true},"in2DMode":false,"pivot":{"x":4.264832496643066,"y":1.013863444328308,"z":-3.7592241764068605},"rotation":{"x":-0.01283305324614048,"y":-0.9767018556594849,"z":0.109780453145504,"w":-0.1871309131383896},"size":2.8888838291168215,"orthographic":false}