{"cameraMode":{"drawMode":0,"name":"Shaded","section":"Shading Mode"},"sceneLighting":true,"audioPlay":false,"sceneViewState":{"showFog":true,"showMaterialUpdate":true,"showSkybox":true,"showFlares":true,"showImageEffects":true,"showParticleSystems":true},"in2DMode":false,"pivot":{"x":5.121985912322998,"y":1.7246801853179932,"z":-3.194772958755493},"rotation":{"x":0.040591850876808169,"y":0.5665971040725708,"z":0.027754228562116624,"w":-0.8226456642150879},"size":1.585158348083496,"orthographic":false}