{"cameraMode":{"drawMode":0,"name":"Shaded","section":"Shading Mode"},"sceneLighting":true,"audioPlay":false,"sceneViewState":{"showFog":true,"showMaterialUpdate":true,"showSkybox":true,"showFlares":true,"showImageEffects":true,"showParticleSystems":true},"in2DMode":false,"pivot":{"x":868.8571166992188,"y":304.2427673339844,"z":99.97663879394531},"rotation":{"x":0.00888456217944622,"y":0.12613815069198609,"z":0.0015094090485945345,"w":-0.9921398162841797},"size":247.61611938476563,"orthographic":false}