{"cameraMode":{"drawMode":0,"name":"Shaded","section":"Shading Mode"},"sceneLighting":false,"audioPlay":false,"sceneViewState":{"showFog":true,"showMaterialUpdate":true,"showSkybox":false,"showFlares":true,"showImageEffects":true,"showParticleSystems":true},"in2DMode":false,"pivot":{"x":575.8909912109375,"y":516.4213256835938,"z":-200.66445922851563},"rotation":{"x":0.031496308743953708,"y":-0.013056513853371144,"z":0.0002654719282872975,"w":0.9995960593223572},"size":302.8997497558594,"orthographic":false}