{"cameraMode":{"drawMode":0,"name":"Shaded","section":"Shading Mode"},"sceneLighting":false,"audioPlay":false,"sceneViewState":{"showFog":true,"showMaterialUpdate":true,"showSkybox":false,"showFlares":true,"showImageEffects":true,"showParticleSystems":true},"in2DMode":false,"pivot":{"x":0.0,"y":0.14531248807907105,"z":0.5960000157356262},"rotation":{"x":-0.041801128536462787,"y":-0.9576243162155151,"z":0.20665784180164338,"w":-0.19695335626602174},"size":4.509839057922363,"orthographic":false}