{"cameraMode":{"drawMode":0,"name":"Shaded","section":"Shading Mode"},"sceneLighting":true,"audioPlay":false,"sceneViewState":{"showFog":true,"showMaterialUpdate":true,"showSkybox":true,"showFlares":true,"showImageEffects":true,"showParticleSystems":true},"in2DMode":false,"pivot":{"x":829.4328002929688,"y":258.1990661621094,"z":-401.0843811035156},"rotation":{"x":0.011884552426636219,"y":-0.059521500021219257,"z":0.0022768229246139528,"w":0.998335063457489},"size":367.23590087890627,"orthographic":false}