{"cameraMode":{"drawMode":0,"name":"Shaded","section":"Shading Mode"},"sceneLighting":true,"audioPlay":false,"sceneViewState":{"showFog":true,"showMaterialUpdate":true,"showSkybox":true,"showFlares":true,"showImageEffects":true,"showParticleSystems":true},"in2DMode":false,"pivot":{"x":930.0484008789063,"y":264.8627624511719,"z":-383.5419921875},"rotation":{"x":0.0045709931291639809,"y":0.04992574080824852,"z":0.0013498589396476746,"w":0.9989257454872131},"size":385.8791198730469,"orthographic":false}