{"cameraMode":{"drawMode":0,"name":"Shaded","section":"Shading Mode"},"sceneLighting":true,"audioPlay":false,"sceneViewState":{"showFog":true,"showMaterialUpdate":true,"showSkybox":true,"showFlares":true,"showImageEffects":true,"showParticleSystems":true},"in2DMode":false,"pivot":{"x":3.1173903942108156,"y":1.391837239265442,"z":-2.501702308654785},"rotation":{"x":-0.00224786764010787,"y":0.9976514577865601,"z":-0.04073639586567879,"w":-0.05512494593858719},"size":1.9256519079208375,"orthographic":false}