{"cameraMode":{"drawMode":0,"name":"Shaded","section":"Shading Mode"},"sceneLighting":true,"audioPlay":false,"sceneViewState":{"showFog":true,"showMaterialUpdate":true,"showSkybox":true,"showFlares":true,"showImageEffects":true,"showParticleSystems":true},"in2DMode":false,"pivot":{"x":3.1806890964508058,"y":1.2646305561065674,"z":-0.9064509272575378},"rotation":{"x":-0.006858935113996267,"y":0.9841493964195252,"z":-0.04022488743066788,"w":-0.17316758632659913},"size":1.585158348083496,"orthographic":false}