{"cameraMode":{"drawMode":0,"name":"Shaded","section":"Shading Mode"},"sceneLighting":true,"audioPlay":false,"sceneViewState":{"showFog":true,"showMaterialUpdate":true,"showSkybox":true,"showFlares":true,"showImageEffects":true,"showParticleSystems":true},"in2DMode":false,"pivot":{"x":1212.1455078125,"y":144.8200225830078,"z":2304.822265625},"rotation":{"x":-0.028477491810917856,"y":-0.03551749885082245,"z":0.0010788575746119023,"w":-0.99913489818573},"size":3173.12060546875,"orthographic":false}