{"cameraMode":{"drawMode":0,"name":"Shaded","section":"Shading Mode"},"sceneLighting":false,"audioPlay":false,"sceneViewState":{"showFog":true,"showMaterialUpdate":true,"showSkybox":false,"showFlares":true,"showImageEffects":true,"showParticleSystems":true},"in2DMode":false,"pivot":{"x":940.116455078125,"y":400.8787841796875,"z":488.79351806640627},"rotation":{"x":0.04198989272117615,"y":0.0064320252276957039,"z":-0.0004371454706415534,"w":0.999273419380188},"size":1330.2724609375,"orthographic":false}