{"cameraMode":{"drawMode":0,"name":"Shaded","section":"Shading Mode"},"sceneLighting":true,"audioPlay":false,"sceneViewState":{"showFog":true,"showMaterialUpdate":true,"showSkybox":true,"showFlares":true,"showImageEffects":true,"showParticleSystems":true},"in2DMode":false,"pivot":{"x":2.1800589561462404,"y":1.6555747985839844,"z":-2.001007080078125},"rotation":{"x":-0.019152536988258363,"y":0.9312852025032044,"z":-0.05368300527334213,"w":-0.36034542322158816},"size":2.911106586456299,"orthographic":false}