{"cameraMode":{"drawMode":0,"name":"Shaded","section":"Shading Mode"},"sceneLighting":true,"audioPlay":false,"sceneViewState":{"showFog":true,"showMaterialUpdate":true,"showSkybox":true,"showFlares":true,"showImageEffects":true,"showParticleSystems":true},"in2DMode":false,"pivot":{"x":6.332813262939453,"y":10.29369068145752,"z":-1.1368472576141358},"rotation":{"x":0.12349016964435578,"y":-0.6838425397872925,"z":0.12138780951499939,"w":0.7090558409690857},"size":2.911106586456299,"orthographic":false}