{"cameraMode":{"drawMode":0,"name":"Shaded","section":"Shading Mode"},"sceneLighting":true,"audioPlay":false,"sceneViewState":{"showFog":true,"showMaterialUpdate":true,"showSkybox":true,"showFlares":true,"showImageEffects":true,"showParticleSystems":true},"in2DMode":false,"pivot":{"x":6.605144500732422,"y":0.00011610984802246094,"z":-6.975389003753662},"rotation":{"x":0.024837961420416833,"y":0.9674256443977356,"z":-0.10488966107368469,"w":0.22906912863254548},"size":7.178720474243164,"orthographic":false}