{"cameraMode":{"drawMode":0,"name":"Shaded","section":"Shading Mode"},"sceneLighting":true,"audioPlay":false,"sceneViewState":{"showFog":true,"showMaterialUpdate":true,"showSkybox":true,"showFlares":true,"showImageEffects":true,"showParticleSystems":true},"in2DMode":false,"pivot":{"x":913.904296875,"y":239.412353515625,"z":-383.33660888671877},"rotation":{"x":0.03752779960632324,"y":0.02896522730588913,"z":0.000578539096750319,"w":0.9990626573562622},"size":385.8791198730469,"orthographic":false}