{"cameraMode":{"drawMode":0,"name":"Shaded","section":"Shading Mode"},"sceneLighting":true,"audioPlay":false,"sceneViewState":{"showFog":true,"showMaterialUpdate":true,"showSkybox":true,"showFlares":true,"showImageEffects":true,"showParticleSystems":true},"in2DMode":false,"pivot":{"x":4.342370986938477,"y":0.5896901488304138,"z":-1.3844802379608155},"rotation":{"x":0.07453135401010513,"y":0.6934393048286438,"z":-0.07933764159679413,"w":0.7130642533302307},"size":2.8888838291168215,"orthographic":false}