{"cameraMode":{"drawMode":0,"name":"Shaded","section":"Shading Mode"},"sceneLighting":false,"audioPlay":false,"sceneViewState":{"showFog":true,"showMaterialUpdate":true,"showSkybox":false,"showFlares":true,"showImageEffects":true,"showParticleSystems":true},"in2DMode":false,"pivot":{"x":656.65771484375,"y":508.2642822265625,"z":-210.11517333984376},"rotation":{"x":0.04463765397667885,"y":0.12153347581624985,"z":-0.005617625080049038,"w":0.9917462468147278},"size":302.8997497558594,"orthographic":false}