{"cameraMode":{"drawMode":0,"name":"Shaded","section":"Shading Mode"},"sceneLighting":false,"audioPlay":false,"sceneViewState":{"showFog":true,"showMaterialUpdate":true,"showSkybox":false,"showFlares":true,"showImageEffects":true,"showParticleSystems":true},"in2DMode":false,"pivot":{"x":690.859619140625,"y":486.8056335449219,"z":-568.3521728515625},"rotation":{"x":0.11148659139871597,"y":-0.3907938003540039,"z":0.047591499984264377,"w":0.9126563668251038},"size":302.8997497558594,"orthographic":false}