{"cameraMode":{"drawMode":0,"name":"Shaded","section":"Shading Mode"},"sceneLighting":false,"audioPlay":false,"sceneViewState":{"showFog":true,"showMaterialUpdate":true,"showSkybox":false,"showFlares":true,"showImageEffects":true,"showParticleSystems":true},"in2DMode":false,"pivot":{"x":21.30051040649414,"y":-126.07644653320313,"z":133.48577880859376},"rotation":{"x":-0.032968100160360339,"y":-0.03895144909620285,"z":0.001682936679571867,"w":-0.9991549849510193},"size":961.0953979492188,"orthographic":false}