{"cameraMode":{"drawMode":0,"name":"Shaded","section":"Shading Mode"},"sceneLighting":true,"audioPlay":false,"sceneViewState":{"showFog":true,"showMaterialUpdate":true,"showSkybox":true,"showFlares":true,"showImageEffects":true,"showParticleSystems":true},"in2DMode":false,"pivot":{"x":4.380077362060547,"y":0.8505948781967163,"z":-7.794290065765381},"rotation":{"x":0.003094640327617526,"y":0.9967730045318604,"z":-0.04788174480199814,"w":0.06438146531581879},"size":7.178720474243164,"orthographic":false}